<application>
  <component name="ProjectManager">
    <defaultProject>
      <component name="Encoding" native2AsciiForPropertiesFiles="true" defaultCharsetForPropertiesFiles="UTF-8">
        <file url="PROJECT" charset="UTF-8" />
      </component>
      <component name="InspectionProjectProfileManager">
        <profile version="1.0">
          <option name="myName" value="Project Default" />
          <inspection_tool class="SqlDialectInspection" enabled="false" level="WARNING" enabled_by_default="false" />
          <inspection_tool class="SqlNoDataSourceInspection" enabled="false" level="WARNING" enabled_by_default="false" />
        </profile>
        <version value="1.0" />
      </component>
      <component name="JsFlowSettings">
        <service-enabled>true</service-enabled>
        <exe-path />
        <other-services-enabled>true</other-services-enabled>
        <auto-save>true</auto-save>
      </component>
      <component name="Kotlin2JsCompilerArguments">
        <option name="sourceMapEmbedSources" />
        <option name="sourceMapPrefix" />
      </component>
      <component name="MavenImportPreferences">
        <option name="generalSettings">
          <MavenGeneralSettings>
            <option name="localRepository" value="G:\MavenRepository" />
            <option name="mavenHome" value="E:\Program Files\Maven\apache-maven-3.3.9-bin\apache-maven-3.3.9" />
            <option name="userSettingsFile" value="E:\Program Files\Maven\apache-maven-3.3.9-bin\apache-maven-3.3.9\conf\settings.xml" />
          </MavenGeneralSettings>
        </option>
      </component>
      <component name="MavenRunner">
        <option name="vmOptions" value="-DarchetypeCatalog=local" />
      </component>
      <component name="ProjectDictionaryState">
        <dictionary name="ROWEI" />
      </component>
      <component name="ProjectInspectionProfilesVisibleTreeState">
        <entry key="Project Default">
          <profile-state>
            <expanded-state>
              <State>
                <id />
              </State>
              <State>
                <id>SQL</id>
              </State>
            </expanded-state>
            <selected-state>
              <State>
                <id>SqlDialectInspection</id>
              </State>
            </selected-state>
          </profile-state>
        </entry>
      </component>
      <component name="ProjectRootManager" version="2" languageLevel="JDK_1_7" project-jdk-name="1.7" project-jdk-type="JavaSDK" />
      <component name="PropertiesComponent">
        <property name="nodejs_interpreter_path.stuck_in_default_project" value="undefined stuck path" />
        <property name="project.structure.last.edited" value="SDKs" />
        <property name="project.structure.proportion" value="0.15" />
        <property name="project.structure.side.proportion" value="0.2" />
        <property name="last_opened_file_path" value="E:/package/node/node.exe" />
        <property name="settings.editor.selected.configurable" value="PyConsoleConfigurable.Python Console" />
      </component>
      <component name="PyConsoleOptionsProvider">
        <option name="myPythonConsoleState">
          <console-settings>
            <envs>
              <env key="PATH" value="E:\Program Files\C\XShell\;C:\Program Files\Java\jdk1.8.0_20\bin;E:\Program Files\SQlite;C:\Windows\system32;C:\Windows;C:\Windows\System32\Wbem;C:\Windows\System32\WindowsPowerShell\v1.0\;C:\Program Files (x86)\NVIDIA Corporation\PhysX\Common;C:\WINDOWS\system32;C:\WINDOWS;C:\WINDOWS\System32\Wbem;C:\WINDOWS\System32\WindowsPowerShell\v1.0\;E:\Program Files\MySQL\MySQL Server 5.5\bin;E:\Program Files\MySQL\bin;C:\Program Files\Java\jdk1.8.0_20\jre\bin;C:\WINDOWS\System32\OpenSSH\;E:\Program Files\SVN\Service\bin;E:\Program Files\SVN\Client\bin;E:\Program Files\Oracle\client\32bit\instantclient_12_1;E:\Program Files\Maven\apache-maven-3.3.9-bin\apache-maven-3.3.9\bin;E:\Program Files\B\Git\Git\cmd;C:\Users\ROWEI\Anaconda3;C:\Users\ROWEI\Anaconda3\Scripts;C:\Users\ROWEI\Anaconda3\Library\bin;C:\Users\ROWEI\AppData\Local\Microsoft\WindowsApps;C:\Program Files\Java\jdk1.8.0_20\bin;" />
            </envs>
            <option name="myEnvs">
              <map>
                <entry key="PATH" value="E:\Program Files\C\XShell\;C:\Program Files\Java\jdk1.8.0_20\bin;E:\Program Files\SQlite;C:\Windows\system32;C:\Windows;C:\Windows\System32\Wbem;C:\Windows\System32\WindowsPowerShell\v1.0\;C:\Program Files (x86)\NVIDIA Corporation\PhysX\Common;C:\WINDOWS\system32;C:\WINDOWS;C:\WINDOWS\System32\Wbem;C:\WINDOWS\System32\WindowsPowerShell\v1.0\;E:\Program Files\MySQL\MySQL Server 5.5\bin;E:\Program Files\MySQL\bin;C:\Program Files\Java\jdk1.8.0_20\jre\bin;C:\WINDOWS\System32\OpenSSH\;E:\Program Files\SVN\Service\bin;E:\Program Files\SVN\Client\bin;E:\Program Files\Oracle\client\32bit\instantclient_12_1;E:\Program Files\Maven\apache-maven-3.3.9-bin\apache-maven-3.3.9\bin;E:\Program Files\B\Git\Git\cmd;C:\Users\ROWEI\Anaconda3;C:\Users\ROWEI\Anaconda3\Scripts;C:\Users\ROWEI\Anaconda3\Library\bin;C:\Users\ROWEI\AppData\Local\Microsoft\WindowsApps;C:\Program Files\Java\jdk1.8.0_20\bin;" />
              </map>
            </option>
          </console-settings>
        </option>
      </component>
      <component name="SvnConfiguration">
        <configuration>C:\Users\ROWEI\AppData\Roaming\Subversion</configuration>
      </component>
      <component name="VcsContentAnnotationSettings">
        <option name="myLimit" value="2678400000" />
      </component>
      <component name="masterDetails">
        <states>
          <state key="ArquillianSettingsConfigurable.UI">
            <settings>
              <splitter-proportions>
                <option name="proportions">
                  <list>
                    <option value="0.2" />
                  </list>
                </option>
              </splitter-proportions>
            </settings>
          </state>
          <state key="Copyright.UI">
            <settings>
              <splitter-proportions>
                <option name="proportions">
                  <list>
                    <option value="0.2" />
                  </list>
                </option>
              </splitter-proportions>
            </settings>
          </state>
          <state key="GlobalLibrariesConfigurable.UI">
            <settings>
              <splitter-proportions>
                <option name="proportions">
                  <list>
                    <option value="0.2" />
                  </list>
                </option>
              </splitter-proportions>
            </settings>
          </state>
          <state key="JdkListConfigurable.UI">
            <settings>
              <last-edited>1.7</last-edited>
              <splitter-proportions>
                <option name="proportions">
                  <list>
                    <option value="0.2" />
                  </list>
                </option>
              </splitter-proportions>
            </settings>
          </state>
          <state key="ProjectJDKs.UI">
            <settings>
              <last-edited>1.7</last-edited>
              <splitter-proportions>
                <option name="proportions">
                  <list>
                    <option value="0.2" />
                  </list>
                </option>
              </splitter-proportions>
            </settings>
          </state>
          <state key="ProjectLibrariesConfigurable.UI">
            <settings>
              <splitter-proportions>
                <option name="proportions">
                  <list>
                    <option value="0.2" />
                  </list>
                </option>
              </splitter-proportions>
            </settings>
          </state>
          <state key="ScopeChooserConfigurable.UI">
            <settings>
              <splitter-proportions>
                <option name="proportions">
                  <list>
                    <option value="0.2" />
                  </list>
                </option>
              </splitter-proportions>
            </settings>
          </state>
        </states>
      </component>
    </defaultProject>
  </component>
</application>