<keymap version="1" name="Eclipse copy" parent="Eclipse">
  <action id="CodeCompletion">
    <keyboard-shortcut first-keystroke="alt slash" />
  </action>
  <action id="DuplicatesForm.SendToLeft" />
  <action id="FileChooser.GotoHome" />
  <action id="GotoBookmark1" />
  <action id="HippieCompletion" />
  <action id="ReformatCode">
    <keyboard-shortcut first-keystroke="shift ctrl f" />
  </action>
  <action id="SearchEverywhere">
    <keyboard-shortcut first-keystroke="shift ctrl q" />
  </action>
  <action id="ShowIntentionActions">
    <keyboard-shortcut first-keystroke="ctrl 1" />
  </action>
</keymap>